<?xml version="1.0" encoding="UTF-8" standalone="yes"?>
<addon id="plugin.video.ghstreworks"
       name="GHSTreworks"
       version="1.0.0"
       provider-name="Tvoje jméno"
       type="xbmc.python.pluginsource">
    <requires>
        <import addon="xbmc.python" version="3.0.0"/>
    </requires>
    <extension point="xbmc.python.pluginsource" library="default.py"/>
    <extension point="xbmc.addon.metadata">
        <summary>Trailer přehrávač</summary>
        <description>Addon pro přehrávání traileru v Kodi.</description>
        <platform>all</platform>
    </extension>
</addon>